beruf,titel
Sozialarbeiter/in / Sozialpädagoge/-pädagogin,Schulsozialarbeiter Ganztagesschule (Grundschule) TOP 20 Std. gern ab sofort m/w/d
Leiter/in - Maschinenanlagen,Seefahrender Ingenieur Führungs- und Waffeneinsatzsysteme (m/w/d)
Industriemechaniker/in - Maschinen- und Systemtechnik,Industriemechaniker Maschinen- und Systemtechnik (m/w/d)
Ingenieur/in - Elektrotechnik,PLC Development and Support Engineer (f/m/d)
Fachberater/in - Vertrieb,"Vertrieb Fachbereich Bauelemente (m/w/d),  Lübeck"
Projektleiter/in,Projektleiter (m/w/d) Photovoltaik
Geoinformatiker/in,Softwareentwickler - C# / .NET / Blazor / GIS (m/w/d)
Stanz- und Umformmechaniker/in,Maschineneinrichter | Umformtechnik (Mensch)
Fachberater/in - Vertrieb,"Vertrieb Fachbereich Fliesen (m/w/d), Lübeck"
Controller/in,ID: 15775 - Controllerin (m/w/d)
IT-Systemadministrator/in,ID: 15896 - IT Systemadministrator (m/w/d)
Projektleiter/in,Projektleiter (m/w/d) Anlagenbau
Fachkraft - Lagerlogistik,"Mitarbeiter Logistik/Lager (m/w/d), Flensburg"
Fachkraft - Lagerlogistik,Mitarbeiter Logistik / Lager (m/w/d) – Lübeck
Betriebsassistent/in - Handwerk,"Betriebshandwerker (m/w/d), Lübeck"
Projektleiter/in,Projektleiter (m/w/d) EMSR
Pädagoge/Pädagogin,Leitung (m/w/d) Fachabteilung Kindertagesstätten
Wartungs- und Servicetechniker/in - Maschinenbau,Servicetechniker (m/w/d) sofort
Berufskraftfahrer/in,Berufskraftfahrer regional (m/w/d) Tasdorf
Helfer/in - Ver- und Entsorgung,Ver- und Entsorgungshelfer (m/w/d) Abfallwirtschaft
Touristikmanager/in,"Projektmanager/in (m/w/d) ""Projektadministration und Gesamtkonzeption - Knowledge Hub und Evaluat..."
Touristikmanager/in,"Projektmanager/in (m/w/d) ""digitaler Nachhaltigkeitswegweiser für Destinationen ""Bedarfsanalyse"",..."
Beamter/Beamtin - Allgemeine Innere Verwaltung (gehobener nichttechnischer Dienst),"Abteilungsleitung Service und Verwaltung, FB3"
Fachkraft - Qualitätssicherung/-management,"Qualitätsmitarbeiter (m/w/d) Produktionsqualität, Bad Oldesloe"
ERP-Berater/in - ERP-Consultant,"Junior Consultant, Geniner Str. 80 in 23560 Lübeck"
Business-Analyst/in,"Projektentwickler:in EDL, Geniner Str. 80 in 23560 Lübeck"
Account-Manager/in,"Sales- und Account Manager:in, Geniner Str. 80 in 23560 Lübeck"
Glasfasermonteur/in,"Vertriebsmitarbeiter:in D2D Glasfaser, Geniner Str. 80 in 23560 Lübeck"
Mediengestalter/in Digital und Print - Gestaltung und Technik,"Projektentwickler:in Technik, Geniner Str. 80 in 23560 Lübeck"
Business-Analyst/in,"Projektentwickler:in EDL - Teilzeit, Geniner Str. 80 in 23560 Lübeck"
Techniker/in - Farb- und Lacktechnik (Anwendungs- und Betriebstechnik),"Elektroniker:in Betriebstechnik, Geniner Str. 80 in 23560 Lübeck"
Change-Manager/in,"Transformation & Change Manager (w/m/d), Ladestraße 1"
"Helfer/in - Lagerwirtschaft, Transport",Produktionsmitarbeiter (m/w/d)
Helfer/in - Metallbearbeitung,Produktionsmitarbeiter (m/w/d)
Elektromaschinenbauer/in,Servicetechniker  (m/w/d)
Elektromaschinenbauer/in,Servicetechniker  (m/w/d)
Elektromaschinenbauer/in,Servicetechniker  (m/w/d)
Elektromaschinenbauer/in,Servicetechniker  (m/w/d)
Elektromaschinenbauer/in,Servicetechniker  (m/w/d)
Elektromaschinenbauer/in,Servicetechniker  (m/w/d)
Elektromaschinenbauer/in,Servicetechniker  (m/w/d)
Sicherheitsmitarbeiter/in,Sicherheitsmitarbeiter *in Werkschutz Uetersen - übertarifliche Bezahlung m/w/d
Elektromaschinenbauer/in,Servicetechniker  (m/w/d)
Sicherheitsmitarbeiter/in,Sicherheitsmitarbeiter /in  Elmshorn (m/w/d)
Industriemechaniker/in,Monteur für Gasmotoren und Prüfstandtechnik (m/w/d)
Elektrofachkraft für festgelegte Tätigkeiten,Elektriker (m/w/d)
Fachlagerist/in,Fachlagerist (m/w/d)
Assistenzarzt/-ärztin,Assistenzarzt (m/w/d) in Weiterbildung Arbeitsmedizin
Verkäufer/in,Verkäufer (m/w/d)
Verkäufer/in,Verkäufer (m/w/d)
Sozialarbeiter/in / Sozialpädagoge/-pädagogin,"Sozialarbeiter/Sozialpädagoge (m/w/d) für die VITREA Rehaklinik Lehmrade gesucht, ca. 33 Std./Woche"
Leiter/in - Controlling,Leiter Unternehmenscontrolling (m/w/d)
Berufskraftfahrer/in,LKW-Fahrer (m/w/d) Regionaler Fernverkehr
Berufskraftfahrer/in,LKW-Fahrer (m/w/d) Nahverkehr
Pharmazeutisch-technische/r Assistent/in,PTA (m/w/d)
Catering-Manager/in,Koch/Köchin (m/w/d) - Gemeinschaftsverpflegung
Informatiker/in,Teamleiter (m/w/d) Software-Engineering in Direktvermittlung
Projektleiter/in,Projektmanager im Vertrieb (m/w/d)
Archäologe/Archäologin,Wissenschaftliche*r Mitarbeiter*in mit Zielrichtung Promotion im Subcluster Urban ROOTS
Pharmazeut/in,Wissenschaftliche*n Mitarbeiter*in mit Zielrichtung Promotion (2)
Pharmazeut/in,Wissenschaftliche*n Mitarbeiter*in mit Zielrichtung Promotion (1)
Assistenzarzt/-ärztin,Assistenzarzt (m/w/d) für die Innere Medizin und Kardiologie
Ingenieur/in - Fahrzeugtechnik,Systemarchitekt Main Battle Tank (m/w/d)
Industriekaufmann/-frau,Materialdisponent - (m/w/d) - Technologieunternehmen
Elektromechaniker/in,Elektromechaniker - (w/m/d) - Technologieunternehmen
Erzieher/in,Erzieher (m/w/d) Kita Hemdingen
Fachlagerist/in,Lagermitarbeiter (m/w/d)
"Maschinen- und Anlagenführer/in - Metall-, Kunststofftechnik",Produktionsmitarbeiter (m/w/d)
Konstruktionsmechaniker/in,"Konstruktionsmechaniker (m/w/d) ab 20,00 € / Std."
Kaufmann/-frau - Groß- und Außenhandel (Außenhandel),Auftragssachbearbeiter Aviation -  (w/m/d) - Technologieunternehmen
Industriemechaniker/in,Facharbeiter Produktion - Kleinheizer - (w/m/d) - Technologieunternehmen
Ingenieur/in - Elektrotechnik,Hardware Verification Engineer (m/w/d)
Elektrotechnikermeister/in/Bachelor Professional im Elektrotechniker-Handwerk,Direktvermittlung: Meister / Techniker Elektrotechnik (m/w/d
Facility-Manager/in,Objektleiter Facility Management (m/w/d)
Sicherheitsmitarbeiter/in,Geprüfte Schutz- und Sicherheitskraft (m/w/d) in Wedel
Industriemechaniker/in,Industriemechaniker (m/w/d) Wahlstedt
"Helfer/in - Lagerwirtschaft, Transport",Produktionshelfer (m/w/d)
Physiotherapeut/in,Physiotherapeut/in zu sofort gesucht
Informatiker/in,Site Manager (Construction) - (w/m/d)
"Gruppen-, Teamleiter/in",Teammanager Gastronomie - Warnsdorf (Mensch)
Operationstechnische/r Assistent/in,Operationstechnischer Assistent (OTA) (m/w/d) in und um Kiel
Anästhesietechnische/r Assistent/in,Anästhesietechnischer Assistent (ATA) (m/w/d) in und um Kiel
Fachkrankenpfleger/in - Operations-/Endoskopiedienst,Fachkrankenpfl. (m/w/d) OP-/Endoskopiedienst in und um Kiel
Fachkrankenpfleger/in - Intensivpflege/Anästhesie,Fachkrankenpfl. (m/w/d) - Intensiv/Anästhesie in und um Kiel
Altenpfleger/in,Altenpfleger (m/w/d) in und um Kiel
Kinderkrankenschwester/-pfleger,Kinderkrankenpfleger (m/w/d) in und um Kiel
Gesundheits- und Krankenpfleger/in,Gesundheits- und Krankenpfleger (m/w/d) in und um Kiel
Altenpflegehelfer/in,Altenpflegehelfer (m/w/d) in und um Kiel
Krankenpflegehelfer/in - Behindertenpflege,Krankenpflegehelfer (m/w/d) in und um Kiel
Fachkraft - Pflegeassistenz,Pflegeassistent (m/w/d) in und um Kiel
Kaufmann/-frau - Bürokommunikation,Lehrkraft (m/w/d) im kaufmännischen Bereich
Empfangskraft,Empfangskraft Physiotherapie
Datenerfasser/in,Produktionshelfer Datenerfassung (m/w/d)
Immobilienkaufmann/-frau,Immobilienkaufmann (m/w/d) 
Pharmareferent/in,Pharmaberater (m/w/d) im Facharzt- Klinikaußendienst - Hamburg/Schleswig Holstein - Top-Chancen!
Altenpfleger/in,Homecare Manager (m/w/d) - Itzehoe
Altenpfleger/in,Homecare Manager (m/w/d) - Rendsburg
Altenpfleger/in,Homecare Manager (m/w/d) - Neumünster
Konstrukteur/in,"Schiffbauingenieur (m/w/d) 35,92 €"
Recruiter/in,Recruiter (m/w/d)
Beamter/Beamtin - Allgemeine Innere Verwaltung (mittlerer nichttechnischer Dienst),Verwaltungsangestellte (w/m/d) für den flexiblen Einsatz in der Verwaltung
Betreuungskraft / Alltagsbegleiter/in,Betreuungskraft nach § 43b und § 53b SGB XI (m/w/d)
Elektroniker/in - Betriebstechnik,"Elektroniker (m/w/d) ab 20,00 €/ Std."
Helfer/in - Ver- und Entsorgung,"Entsorgungshelfer (m/w/d) 14,96 €/ Std."
Reifenmonteur/in,Reifenmonteur (m/w/d)
Gesundheits- und Krankenpfleger/in,"Gesundheits- und Krankenpfleger (w/m/d) ab 26,00 € / Std."
Tischler/in,Fachkraft zur Arbeits- und Berufsförderung (m/w/d)
Betreuungskraft / Alltagsbegleiter/in,Pflegehilfskraft (m/w/d) für Entlastungsleistungen
Konstruktionsmechaniker/in,Konstruktionsmechaniker (m/w/d)
Landwirt/in,BETRIEBSHELFER/IN (m/w/d) FÜR DIE LANDWIRTSCHAFT
Elektroniker/in - Energie- und Gebäudetechnik,Elektroniker als Monteur (m/w/d) für unsere elektrischen Energieversorgungslösungen
Helfer/in - Reinigung,Wir suchen eine Reinigungskraft (m/w/d) in Hamburg Bergedorf
Berufskraftfahrer/in,Kraftfahrer/in (w/m/d) für den Fuhrpark im Fachbereich Stadtpflegebetrieb
Betreuungskraft / Alltagsbegleiter/in,Ergotherapeut/in (m/w/d) für Pflegeenrichtung in Geesthacht😊
Betreuungskraft / Alltagsbegleiter/in,Leitung Ergotherapie und Betreuung (m/w/d) für Pflegeenrichtung in Geesthacht😊
Fachkraft - Arbeitssicherheit,Fachkraft für Arbeitssicherheit (m/w/d)
Helfer/in - Küche,Küchenhilfe (m/w/d)
Ingenieur/in - Systems Engineering,Teamlead Systems Engineering (m/w/d)
Kindergartenhelfer/in,Assistenzkraft für die Kitabegleitung (m/w/d)
Altenpflegehelfer/in,ALLTAGSBEGLEITUNG (m/w/d)
Helfer/in - Ver- und Entsorgung,Auflader/in (w/m/d)
Helfer/in - Reinigung,Wir suchen eine Reinigungskraft (m/w/d) in Hamburg Bergedorf
Fahrzeugpfleger/in,Fahrzeugaufbereiter / Fahrzeugpfleger (m/w/d) in Eutin
Rettungssanitäter/in,🚑  Rettungsdienstpersonal (m/w/d) – alle Qualifikationen gesucht!
Pflegefachmann/-frau (Altenpflege),
Altenpflegehelfer/in,Pflegekraft (m/w/d)
Helfer/in - Reinigung,Reinigungskraft (w/m/d)
"Filialleiter/in, Verkaufsstellenleiter/in",Marktleiter (m/w/d)
Erzieher/in,Erzieher/in (m/w/d)
Einzelhandelskaufmann/-frau,Assistenz (m/w/d) der Filialleitung Vollzeit
Verkäufer/in,Verkäufer (m/w/d) Teilzeit
Verkäufer/in,Verkäufer (m/w/d) Teilzeit
Einzelhandelskaufmann/-frau,Assistenz (m/w/d) der Filialleitung Vollzeit
Mechatroniker/in,Facharbeiter Produktion (m/w/d)
Marketingfachkraft/-assistent/in,Mitarbeiter (m/w/d) im Bereich Marketing (Minijob)
Altenpflegehelfer/in,"Betreuungskraft (m,w, d)"
Löter/in,THT-Löter/Bestücker (m/w/d)
Pflegefachmann/-frau (Altenpflege),Qualitätsbeauftragte/r (m/w/d) in Teilzeit in der Seniorenresidenz Rellingen gesucht!
Erzieher/in,Erzieher/in (m/w/d)
Pflegefachmann/-frau (Altenpflege),"Pflegehelfer mit oder ohne Ausbildung, gerne auch  Quereinsteiger (m/w/d)"
Maßschneider/in,"Schneider, Näher, Bandagist (m/w/d)"
Hotelfachmann/-frau,Servicemitarbeiter Restaurant (m/w/d)
Erzieher/in,Erzieher*in
Pflegefachmann/-frau (Altenpflege),Pflegefachkraft / Altenpfleger (m/w/d) in Teilzeit oder Vollzeit
Bilanzbuchhalter/in/Bachelor Professional in Bilanzbuchhaltung,Bilanzbuchhalter (m/w/d) 
Erzieher/in,Pädagogische Fachkraft (m/w/d) als Gruppenleitung
Erzieher/in,Gruppenleitung (m/w/d) Offener Ganztag
Zimmerer/Zimmerin,Zimmerer (m/w/d)
Zahnmedizinische/r Fachangestellte/r,Behandlungsassistenz (m/w/d) für unsere Kieferorthopädische Praxis in Teilzeit
Zahnmedizinische/r Fachangestellte/r,Rezeptionsmitarbeiter (m/w/d) / Zahnmedizinischer Fachangestellter (m/w/d) in Teilzeit (Minijob)
Erzieher/in,"Erzieher*in, Kindheitspädagog*in, oder Heilpädagog*in bzw. Heilerzieherpfleger*in (m/w/d)"
Kaufmännische Fachkraft,Sachbearbeiter - Kundenservice (m/w/d/x)
Zerspanungsmechaniker/in,Zerspanungsmechaniker (m/w/d/x)
Elektroniker/in - Betriebstechnik,Elektroniker für Betriebstechnik (m/w/d/x)
Einkäufer/in,Sachbearbeiter Einkauf (m/w/d/x)
Speditionskaufmann/-frau,Speditionskaufmann (m/w/d/x)
Personalsachbearbeiter/in,Personalsachbearbeiter (m/w/d/x)
Vertriebsassistent/in,Vertriebsassistent (m/w/d/x)
Buchhalter/in,Buchhalter (m/w/d/x)
Helfer/in - Ver- und Entsorgung,Helfer - Müllentsorgung (m/w/d/x)
Helfer/in - Ver- und Entsorgung,Helfer - Müllabfuhr (m/w/d/x)
Helfer/in - Ver- und Entsorgung,Mitarbeiter Müllabfuhr (m/w/d/x)
Industriemechaniker/in,Industriemechaniker (m/w/d/x)
Buchhalter/in,Kaufm. Angestellter Buchhalter (m/w/d)
Assistent/in - Logistik,Projektingenieur Logistik (m/w/d)
Fachwirt/in - Verwaltung,Sachbearbeitung (m/w/d) im Bereich KiTa/Sportförderung
Sozialpädagogische/r Assistent/in / Kinderpfleger/in,Assistenzkraft (m/w/d) für die Begleitung zweier Menschen mit Assistenzbedarf
Betreuungskraft / Alltagsbegleiter/in,Betreuungskraft (m/w/d) in Teilzeit
Hausmeister/in,Hausmeisterhelfer*in für den Kinder- und Jugendtreff Komet  und für die Obdachlosenunterkünfte
Hausmeister/in,"Hausmeisterhelfer*in für das Rathaus, das Stadtmuseum, das ehem. Kunstmanngebäude und die Innenstadt"
Sozialarbeiter/in / Sozialpädagoge/-pädagogin,Sozialpädagog*in bzw Sozialarbeiter*in für die Schulsozialarbeit an der Hans-Claussen-Schule (m/w/d)
Sozialarbeiter/in / Sozialpädagoge/-pädagogin,Sozialpädagog*in bzw. Sozialarbeiter*in für die Schulsozialarbeit an Grund- und Gemeinschaftsschule
Heilerziehungspfleger/in,Pädagogische Fachkraft (m/w/d) für die Begleitung von Menschen mit Assistenzbedarf
Bürokaufmann/-frau,Ausbildung Kauffrau/-mann für Büromanagement (m/w/d)
Politologe/Politologin,Mitarbeiterin/Mitarbeiters (m/w/d) für den Aufgabenbereich Koordinierung der Umsetzung der EU W-VO
Fachlagerist/in,Fachlagerist (m/w/d)
Vertriebsassistent/in,Mitarbeiter (m/w/d) Vertrieb Innendienst
Pflegefachmann/-frau (Altenpflege),"Pflegehelfer mit oder ohne Ausbildung, gerne auch  Quereinsteiger (m/w/d)"
Objektverwalter/in (Immobilien),Meister SHK / Technischer Objektbetreuer / Asset Manager Instandhaltung als Leiter (m/w/d)
Projektassistent/in,Technischer Sachbearbeiter / Projektassistenz SHK (m/w/d)
Sozialassistent/in,Erzieher (m/w/d) und Sozialpädagogische Assistenten (m/w/d)
Ingenieur/in - Sicherheitstechnik,Abteilungsleitung (m/w/d) für das Management verschiedener Geschäftsprozesse
Bürokaufmann/-frau,Sachbearbeiter Dokumentenmanagement (m/w/d)
Buchhalter/in,Buchhalterin ab sofort gesucht
Sozialarbeiter/in / Sozialpädagoge/-pädagogin,Dipl.-Sozialpädagoge/Sozialarbeiter (m/w/d)
Hochbauingenieur/in,Bauleiter/in
Qualitätsmanager/in,Mitarbeiter*in für Qualitätsmanagement und Öffentlichkeitsarbeit
Sekretär/in,Assistenz für die Geschäftsbereichsleitung Suchthilfe & Teilhabe (m/w/d) Referenz 1288
Disponent/in - Integrierte Leitstelle,Dispatcher (m/w/d)
Bilanzbuchhalter/in/Bachelor Professional in Bilanzbuchhaltung,Referent (m/w/d) Haushalt und Finanzen
Erzieher/in,Pädagogische oder Pflege-Fachkraft (m/w/d) als Gruppenleitung
Erzieher/in,Pädagogische oder Pflege-Fachkraft (m/w/d) für die Begleitung von Menschen mit Assistenzbedarf
Pflegedienstleiter/in,Pflegedienstleitung  | stationär +TOP GEHALT +  (m/w/d)
Gesundheits- und Krankenpfleger/in,Altenpfleger / Pflegefachkraft als Dienstplanmanager (m/w/d)
Gesundheits- und Krankenpfleger/in,Altenpfleger / Pflegefachkraft  mit flexiblen  (m/w/d)
Hafenarbeiter/in,Aushilfe Stundenkraft Check-In  - Puttgarden Hafen (m/w/d)
Verfahrensmechaniker/in - Glastechnik,Kfz-Mechatroniker/Kfz-Monteur  Fahrzeugglas in  (m/w/d)
Verfahrensmechaniker/in - Glastechnik,Kfz-Mechatroniker/Kfz-Monteur  Fahrzeugglas in  (m/w/d)
Business-Intelligence-Consultant,B2B Senior Business Consultant  | Remote (m/w/d)
Personalentwickler/in,Führungskräfte- & Organisationsentwickler (m/w/d)
Business-Intelligence-Consultant,B2B Senior Business Consultant  | Remote (m/w/d)
Business-Intelligence-Consultant,B2B Senior Business Consultant  | Remote (m/w/d)
Steuerfachangestellte/r,Steuerfachangestellter Lohnbuchhaltung  100% remote (m/w/d)
Fachwirt/in - Controlling,Commercial Controller (m/w/d)
ERP-Anwendungsentwickler/in,Analyst Business Applications - SAP Finance &  (m/w/d)
Geschäftsführer/in - Maschinen- und Betriebshilfering,Geschäftsführer (m/w/d)
Kommunikationselektroniker/in - Informationstechnik,Netzwerk-Spezialist (m/w/d)
Bürokaufmann/-frau,"Kfr./Kfm. im Gesundheitswesen,  (m/w/d)"
Qualitätsbeauftragte/r - Gesundheits-/Sozialwesen,"Qualitätsbeauftragte/r, QMB, QB  in einer  (m/w/d)"
Pflegedienstleiter/in,Pflegedienstleitung - PDL -  ambulante  (m/w/d)
Leiter/in - Altenpflegeeinrichtung,Einrichtungsleitung / Heimleitung einer  (m/w/d)
Gebietsleiter/in - Außenwirtschaft,Speditionskaufmann Import (m/w/d) 
Verkäufer/in,Sales Assistant (m/w/d) in Vollzeit - CECIL und Street One im Outlet Neumünster
Fachlagerist/in,Fachkraft Lagerlogistik (m/w/d)
Wissensmanager/in,Junior IT Change & Knowledge Manager (m/w/d)
Revisor/in,Revisor (m/w/d)
Textilreiniger/in,Mitarbeiter Wäscherei (m/w/d)
Erzieher/in,Erzieher/in (m/w/d) - Elementarbereich
Helfer/in - Lebensmittelherstellung,Produktionshelfer (m/w/d) Direkteinstellung | Schicht
Mechatroniker/in,Mechatroniker (m/w/d) Toranlagen
Maschinen- und Anlagenführer/in (ohne Angabe des Schwerpunkts),Maschinen- und Anlagenführer (m/w/d)
Maschinen- und Anlagenführer/in - Lebensmitteltechnik,Maschinen- und Anlagenführer (m/w/d) Schicht
Immobilienkaufmann/-frau,Mitarbeiter (m/w/d) für die Immobilienverwaltung in Voll- oder Teilzeit
Elektroniker/in - Automatisierungstechnik,Elektroniker (m/w/d) Schichtarbeit | Mechatroniker
Elektroinstallateur/in,Elektriker (m/w/d)
Leiter/in - Controlling,Fachliche Leitung (m/w/d) Controlling
Koch/Köchin,Koch (m/w/d)
Softwareentwickler/in,Software Developer (m/w/d) SAP ABAP/Fiori
Personaldienstleistungskaufmann/-frau,"Mitarbeiter für das Recruiting, zunächst befristet auf 3 Monate"
Erzieher/in,Pädagogische Fachkraft für Offene Ganztagsschule in Vollzeit
Sozialpädagogische/r Assistent/in / Kinderpfleger/in,Sozialpädagogische/r Assistent/in für Offene Ganztagsschule in Teilzeit (30 Std.)
Betreuungskraft / Alltagsbegleiter/in,Allgemeine Betreuungskraft (m/w/d)
Einzelhandelskaufmann/-frau,Verkäufer/in - Einrichtungsberater/in in Teilzeit 15-20 Std/Woche
Hotelfachmann/-frau,Servicemitarbeiter (m/w/d) für die Vitalbar
Hauswirtschafter/in - Personenbetreuende Dienstleistungen,Haushaltshilfe (m/w/d) für Seniorenhaushalte - Minijob / perspektivisch Teilzeit
Notfallsanitäter/in,Mitarbeiter/innen für die Rufbereitschaft Hausnotruf (m/w/d)
Social-Media-Manager/in,Content- und Social Media Manager:in (m/w/d)
Technische/r Redakteur/in,Technischer Redakteur (m/w/d) Teilzeit
Projektassistent/in,Dokumentenmanager (m/w/d) Teilzeit
Projektassistent/in,Kaufmännischer Sachbearbeiter (m/w/d) Teilzeit
Kaufmännische Fachkraft,Sachbearbeiter Dokumentation (m/w/d) Teilzeit
Kaufmännische Fachkraft,Sachbearbeiter Dokumentenmanagement (m/w/d) Teilzeit
Lager- und Transportarbeiter/in,Hochregalstaplerfahrer m/w/d
Technische/r Zeichner/in - Maschinen- und Anlagentechnik,Technischer Zeichner m/w/d
"Helfer/in - Papier, Verpackung",Maschinenbediener m/w/d
Textil- und Modenäher/in,Industrienäher m/w/d
Hausmeister/in,Haustechniker (m/w/d)
Bürogehilf(e/in),Bürohilfe (m/w/d)
Maschinen- und Anlagenführer/in - Druckweiter- und Papierverarbeitung,Maschinen- und Anlagenführer  (m/w/d)
Maschinen- und Anlagenführer/in - Lebensmitteltechnik,Maschinen- und Anlagenführer (Lebensmittelbereich)  (m/w/d)
Bürogehilf(e/in),Quereinsteiger Bürohilfe (m/w/d)
Gastronomische/r Assistent/in,Küchenhelfer Kantine (m/w/d)
Maschinen- und Anlagenführer/in - Lebensmitteltechnik,Maschinenführer - Lebensmitteltechnik (m/w/d)
Helfer/in - Lebensmittelherstellung,Minijobber gesucht (m/w/d)
Helfer/in - Lebensmittelherstellung,Minijobber Lebensmittelherstellung (m/w/d/x)
"Helfer/in - Kunststoff, Kautschuk","Produktionshelfer - Kunststoff, Kautschuk (m/w/d) Vollkontischicht"
Lager- und Transportarbeiter/in,Helfer Kommissionierung/Lager (m/w/d/x)
Lager- und Transportarbeiter/in,Helfer im Bereich Lager und Kommissionierung (m/w/d)
Maschinen- und Anlagenführer/in - Lebensmitteltechnik,Maschinenführer*in (m/w/d)
Helfer/in - Druck,Helfer - Papierverarbeitung (m/w/d)
Gebäudereiniger/in,Gebäudereinigungskraft (m/w/d)
Helfer/in - Lebensmittelherstellung,Helfer - Qualitätskontrolle (m/w/d)
Helfer/in - Lebensmittelherstellung,Produktionshelfer Müsliriegel (m/w/d)
Helfer/in - Lebensmittelherstellung,Produktionshelfer Nahrungsergänzungsmittel (m/w/d)
"Helfer/in - Holz, Flechtwaren",Quereinsteiger - Holzverarbeitung (m/w/d)
Helfer/in - Chemie- und Pharmatechnik,Quereinsteiger (m/w/d) in der Chemie-/Pharmaindustrie
Vertriebsassistent/in,Mitarbeiter Vertriebsinnendienst - Inside Sales (m/w/gn)
Hausmeister/in,Hausmeister (m/w/d) Schwerpunkt Metallbau 
Kraftfahrzeugmechaniker/in,Helfer (m/w/d) mit KFZ-Kenntnissen
Helfer/in - Elektro,Mitarbeiter (m/w/d) im Repair-Center ab 16 € in Ahrensburg
Sachbearbeiter/in - Einkauf,Sachbearbeiter (m/w/d) in Bad Oldesloe
Helfer/in - Reinigung,"Reinigungsmitarbeiter (m/w/d) 15,00€/Std / Teilzeit"
Fachkraft - Lagerlogistik,Lagermitarbeiter (m/w/d) - 16 € pro Stunde
"Helfer/in - Feinmechanik, Werkzeugbau","Produktionsmitarbeiter (m/w/d) Pyrotechnik – Trittau ab 19,59 € pro Stunde"
Helfer/in - Chemie- und Pharmatechnik,"Helfer (m/w/d) 17,07 €- 25,53€ "
Helfer/in - Chemie- und Pharmatechnik,"Quereinsteiger Chemie- und Pharmatechnik (m/w/d) 17,07 - 25,53€ in Bad Oldeloe"
Helfer/in - Chemie- und Pharmatechnik,"Produktionsmitarbeiter (m/w/d) 17,07 - 25,53€/St"
Sachbearbeiter/in - Einkauf,Sachbearbeiter (m/w/d)
Helfer/in - Chemie- und Pharmatechnik,"Quereinsteiger Chemie- und Pharmatechnik (m/w/d)  17,07 - 25,53€"
Helfer/in - Chemie- und Pharmatechnik,"Quereinsteiger Chemie- und Pharmatechnik (m/w/d) 17,07 - 25,53€"
Helfer/in - Chemie- und Pharmatechnik,"Produktionsmitarbeiter (m/w/d) 17,07 - 25,53€/St in Bad Oldesloe"
Helfer/in - Elektro,Mitarbeiter (m/w/d) im Repair-Center – Quereinsteiger willkommen
Kaufmann/-frau - Büromanagement,Kaufmännischer Mitarbeiter (m/w/d)
Hausmeister/in,Gärtner m/w/d - Garten- und Landschaftsbauer m/w/d
Helfer/in - Reinigung,"Reinigungsmitarbeiter (m/w/d) 15,00€/Std / Teilzeit in Bad Oldesloe"
Fachkraft - Lagerlogistik,Fachkraft für Lagerlogistik (m/w/d) 
Fachkraft - Lagerlogistik,Fachkraft für Lagerlogistik (m/w/d) in Bargteheide
"Helfer/in - Kunststoff, Kautschuk",Produktionsmitarbeiter (m/w/d) – 17–19 € Stundenlohn
Projektleiter/in,Prozessmanager (m/w/d)
Medizinische/r Fachangestellte/r,Mitarbeiter/innen für die Rufbereitschaft Hausnotruf (m/w/d)
Betriebswirt/in (Fachschule) - Finanzen und Investment/Bachelor Professional in Wirtschaft,"Projectmanager Technical Investment (w/m/d), Zentrale"
Servicemonteur/in - Windenergieanlagentechnik,"Technischer Betriebsführer (m/w/d) Photovoltaikanlagen & Batteriespeicher,Sehestedt,Kiel"
Netzmeister/in/Bachelor Professional für Verteilnetze,"Portfoliomanager:in Strom/Gas, Geniner Str. 80 in 23560 Lübeck"
Einkäufer/in,"Junior Einkäufer:in, Geniner Str. 80 in 23560 Lübeck"
Fachwirt/in - Einkauf/Bachelor Professional in Procurement,"Referent:in Einkauf, Geniner Str. 80 in 23560 Lübeck"
IT-Systemadministrator/in,"Systemadministrator (d/m/w) Exchange,Hannover,Leipzig,Potsdam,Rostock,Lübeck,Kiel,Dresden"
Industriemechaniker/in,Industriemechaniker (m/w/d)
Telefonist/in,Mitarbeiter/innen Hausnotruf (m/w/d) für den Bereitschaftsdienst / Einsatzdienst
Industriemechaniker/in - Maschinen- und Systemtechnik,Werkstattmitarbeiter (m/w/d)
Gesundheitsmanager/in,Betriebsleiter Reha-Technik (m/w/d)
Social-Media-Manager/in,Content & Social Media Manager (m/w/d)
Maler/in und Lackierer/in - Maler/in,"Maler und Lackierer, auch angelernt"
Verkäufer/in,Verkäufer (m/w/d)
Kindergartenhelfer/in,Sozialpädagogische Assistentin/Erzieher/in (m/w/d)
Servicekraft - Gastronomie und Gastgewerbe,Stellvertretender Serviceleiter / Gastgeber / Serviceassistent (m/w/d)
Dachdecker/in,Dachdecker (m/w/d) gesucht!!
"Helfer/in - Lagerwirtschaft, Transport",Einweiser (m/w/d) für den blauen AUTOZUG
Stadt- und Regionalplaner/in,Stadtplaner/in (m/w/d)
Hausmeister/in,Hausmeister*in am Bienenhof (m/w/d)
Verwaltungsfachangestellte/r - Kommunalverwaltung,Sachbearbeiter*in in der Stadtkasse (m/w/d)
Tischler/in,Anleiter (m/w/d)
Personalsachbearbeiter/in,"eine Sachbearbeiterin oder einen Sachbearbeiter  in der Personalverwaltung (w, m, d)"
Ingenieur/in - Umweltschutz/Umwelttechnik,Technische Referentin / Technischer Referent (m/w/d) - Digitalisierung im Immissionsschutz
Anlagenmechaniker/in - Schweißtechnik,Anlagenmechaniker Schweißtechnik (m/w/d)
Beamter/Beamtin - Bund (gehobener technischer Dienst),Technische Mitarbeiterin / Technischer Mitarbeiter (m/w/d) i Referat V 32
Fachkraft - Lagerlogistik,Fachkraft m/w/d Lagerlogistik
Bilanzbuchhalter/in/Bachelor Professional in Bilanzbuchhaltung,Bilanzbuchhalter m/w/d
"Helfer/in - Lagerwirtschaft, Transport",Leichte Arbeit im Lager
Verwaltungsangestellte/r - gehobener Dienst,Mitarbeiterin/Mitarbeiter (m/w/d) im Referat V 55 Förderungen und Verwaltungsangelegenheiten
Personaldienstleistungskaufmann/-frau,Vertriebsdisponent (Mensch) - internat. PDL
Vertriebstechniker/in,Vertriebsmitarbeiter Optikfachhandel m/w/d
Schleifer/in,Schleifer m/w/d
Zerspanungsmechaniker/in,Zerspanungsmechaniker m/w/d
Sozialpädagogische/r Assistent/in / Kinderpfleger/in,Sozialpädagogische/r Assistent/in/ Erzieher/in (m/w/d)
Industriemechaniker/in,Industriemechaniker Endmontage m/w/d
Messtechniker/in (Energietechnik),Industriemechaniker Qualitätssicherung m/w/d
"Helfer/in - Lagerwirtschaft, Transport",Tägliche Arbeitszeit von 07:00 bis 15:45 Uhr (Mo.-Fr.)
Gesundheits- und Krankenpfleger/in,Gesundheits- und Krankenpfleger / Heilerziehungspfleger (m/w/d)
Altenpfleger/in,"Altenpfleger (w/m/d) 26,00 € / Std."
Hausmeister/in,Allroundtalent gesucht
Fachkraft - Lagerlogistik,Fachkraft für Lagerlogistik mit kaufmännischen Aufgaben
Erzieher/in,sozialpädagogische Assistent*innen als Schulbegleitung (m/w/d) in Regelschulen und Förderzentren
Altenpfleger/in,Gerontopsychiatrische Fachkraft (m/w/d)
Kaufmann/-frau - Groß- und Außenhandel (Großhandel),Sachbearbeiter m/w /d für den Verkaufsinnendienst
Berufskraftfahrer/in,Berufskraftfahrer / LKW-Fahrer (m/w/d) – Containertransporte
Berufskraftfahrer/in,BERUFSKRAFTFAHRER (m/w/d) | Fokus: Nah- und Linienverkehr
Altenpflegehelfer/in,Pflegefachassistent (m/w/d) - QN3
Altenpflegehelfer/in,Ausbildung zum staatlich anerkannten Pflegefachassistenten (m/w/d)
Altenpfleger/in,Pflegefachkraft (m/w/d)
Fachkraft - Lagerlogistik,Logistiker (m/w/d) in Lübeck
Kaufmann/-frau - Büromanagement,Kaufmännischer Mitarbeiter Büromanagement / Backoffice (m/w/d) – Teilzeit mit Option auf Vollzeit
Betriebsschlosser/in,Montageschlosser (m/w/d)
Koch/Köchin,KochKöchin (m/w/d)
Helfer/in - Küche,Helfer - Küche (m/w/d)
Abfüller/in,Abfüller m/w/d
Helfer/in - Metalloberflächenbearbeitung,Helfer - Metalloberflächenbearbeitung m/w/d
Industriemechaniker/in - Betriebstechnik,Industriemechaniker m/w/d
Kaufmann/-frau - Bürokommunikation,Assistenz der Geschäftsführung m/w/d
Kaufmann/-frau - Bürokommunikation,Teamassistenz m/w/d
Helfer/in - Lebensmittelherstellung,Helfer für Süßwarenherstellung (m/w/d/x)
Helfer/in - Lebensmittelherstellung,Helfer*innen für die Süßwarenherstellung
Helfer/in - Lebensmittelherstellung,Helfer - Süßwarenverpackung (m/w/d)
Maschinen- und Anlagenführer/in - Lebensmitteltechnik,Maschinenführer (m/w/d)
"Helfer/in - Kunststoff, Kautschuk","Produktionshelfer - Kunststoff, Kautschuk (m/w/d)"
Elektroniker/in - Energie- und Gebäudetechnik,Elektrohelfer (m/w/d)
Elektroniker/in - Energie- und Gebäudetechnik,Helfer Elektro (m/w/d)
Helfer/in - Ver- und Entsorgung,Helfer Entsorgung  (m/w/d)
Helfer/in - Ver- und Entsorgung,Helfer Entsorgung (m/w/d)
"Helfer/in - Lagerwirtschaft, Transport",Helfer Hafen Lager (m/w/d)
"Helfer/in - Klempnerei, Installation","Helfer Klempnerei, Installation (m/w/d)"
"Helfer/in - Lagerwirtschaft, Transport",Helfer Lager (m/w/d)
"Helfer/in - Lagerwirtschaft, Transport",Helfer Lager(m/w/d)
"Helfer/in - Lagerwirtschaft, Transport",Helfer Lagerbereich (m/w/d)
Helfer/in - Landwirtschaft,Helfer Landwirtschaft (m/w/d)
"Helfer/in - Lagerwirtschaft, Transport",Helfer m/w/d
Helfer/in - Lebensmittelherstellung,Helfer Produktion (m/w/d)
Helfer/in - Reinigung,Helfer Reinigung (m/w/d)
Helfer/in - Ver- und Entsorgung,Helfer Sortierung (m/w/d)
Helfer/in - Textilverarbeitung,Helfer Textil (m/w/d)
Helfer/in - Reinigung,Helfer Wäscherei (m/w/d) 
Feuerwehrgerätewart/in,Helfer Werkfeuerwehr (m/w/d)
Industriemechaniker/in,Industriemechaniker (m/w/d)
Kaufmann/-frau - Bürokommunikation,Kaufmännische Fachkraft (m/w/d)
Kaufmann/-frau - Büromanagement,kaufmännischer Mitarbeiter (m/w/d)
Mechatroniker/in,KFZ-Mechatroniker (m/w/d)
Lager- und Transportarbeiter/in,Lager Logistik (m/w/d)
"Helfer/in - Lagerwirtschaft, Transport",Lagerhelfer (m/w/d)
Lager- und Transportarbeiter/in,Logistiker (m/w/d)
Maschinen- und Anlagenführer/in - Lebensmitteltechnik,Maschinen- und Anlagenführer (m/w/d)
Helfer/in - Hauswirtschaft,Mitarbeiter Essensausgabe (m/w/d)
Helfer/in - Druck,Mitarbeiter Produktion (m/w/d)
Helfer/in - Druck,Produktionshelfer (m/w/d)
Lager- und Transportarbeiter/in,Quereinsteiger Lager (m/w/d)
Gebäudereiniger/in,Reinigungskraft Industrie (m/w/d)
Kaufmann/-frau - Bürokommunikation,Sachbearbeitung (m/w/d)
Betriebsschlosser/in,Schlosser (m/w/d)
Metallbauer/in - Konstruktionstechnik,Schlosser Schweißer (m/w/d)
Helfer/in - Farb- und Lacktechnik,Staplerfahrer (m/w/d)
Zerspanungsmechaniker/in,Zerspanungsmechaniker (m/w/d)
Mechatroniker/in,Mechatroniker / Elektroniker (m/w/d/x)
Speditionskaufmann/-frau,✈Speditionskaufmann Luftfracht  (m/w/d/x)✈
Sachbearbeiter/in - Einkauf,"Mitarbeiter - Einkauf (m/w/d/x) ab 16,69€"
Helfer/in - Küche,"Küchenhilfe (m/w/d/x) 14,96€/Std"
Kommissionierer/in,"Kommissionierer (m/w/d/x) auch Quereinsteiger 15,29€/Std"
"Helfer/in - Lagerwirtschaft, Transport","Helfer - Lagerwirtschaft, Transport (m/w/d) - ab 14,96€/Stunde"
Kommissionierer/in,"Fleißige Helfer (m/w/d/x) 15,29€/Std"
Gabelstaplerfahrer/in,"Staplerfahrer (m/w/d/x) bis 17,65€/Std."
Lager- und Transportarbeiter/in,"Produktionshelfer (m/w/d/x) 14,96€/Std"
Kommissionierer/in,"Mitarbeiter im Lager (m/w/d/x) auch Quereinsteiger ab 15,29€/Std"
Gabelstaplerfahrer/in,"♦Staplerfahrer (m/w/d/x) bis 16,69 €/ Std. mgl.♦"
Kommissionierer/in,"Kommissionierer (m/w/d/x) auch Quereinsteiger ab 15,29€/Std"
Maschinen- und Anlagenführer/in - Lebensmitteltechnik,"Maschinen- und Anlagenführer - Lebensmitteltechnik (m/w/d/x) 16,69€/Std"
Kaufmann/-frau - Groß- und Außenhandelsmanagement (Großhandel),Kaufm. Sachbearbeiter (m/w/d) im Vertriebsinnendienst 
Erzieher/in,Sozialpädagogische/r Assistent/in (d/m/w) bei der Gemeinde Quarnbek
Altenpflegehelfer/in,Pflegehelfer/in (m/w/d)
Elektrofachkraft für festgelegte Tätigkeiten,Servicetechniker (m/w/d)
Maler- und Lackierermeister/in/Bachelor Professional im Maler- und Lackierer-Handwerk,Malermeister (m/w/d) bei GNP Bau Service Plus GmbH & Co. KG
Helfer/in - Nutztierhaltung,Metallhelfer (m/w/d)
Hochbauingenieur/in,Architekt*in oder Bauingenieur*in in der Bauaufsicht (m/w/d)
Berufsspezialist/in - Softwareentwicklung,Software Entwickler Schwerpunkt Cyber Security/ DevOps (m/w/d)
Sozialversicherungsfachangestellte/r - allgemeine Krankenversicherung,Sachbearbeiter (m/w/d) Hilfsmittel
Metallbauermeister/in/Bachelor Professional im Metallbauer-Handwerk,Metallbaumeister - Konstruktionstechnik (m/w/d) in Kaltenkirchen
Helfer/in - Küche,Küchenservicekraft (m/w/d)
Verwaltungsfachangestellte/r - Kommunalverwaltung,Standesbeamt*in
"Techniker/in - Heizungs-, Lüftungs-, Klimatechnik/Bachelor Professional in Technik",Objektleiter (m/w/d) Instandhaltung
Sozialarbeiter/in / Sozialpädagoge/-pädagogin,Sozialpädagog *in (m/w/d) oder vergleichbare Qualifikation
Schwestern-/Pflegediensthelfer/in,Mitarbeiter (m/w/d) für den Patiententransportdienst
Erzieher/in,Nachmittagsbetreuung am Förderzentrum der Ellerbeker Schule - befristete Vertretung (Fachkraft/TVÖD)
Gesundheits- und Krankenpfleger/in,Pflegefachkraft mit Ambitionen gesucht (m/w/d)
Heilpädagoge/-pädagogin,"Frühförderung - Heilpädagoge*in, Heilerziehungspfleger*in, Kindheitspädagoge*in, o.ä. (m/w/d)"
Helfer/in - Chemie- und Pharmatechnik,Produktionshelfer (m/w/d)
Altenpfleger/in,Altenpfleger (m/w/d) 26 EUR pro Stunde
Telefonist/in,"Callcenteragent (m/w/d) 15,29 €/Std."
Helfer/in - Lebensmittelherstellung,"Produktionshelfer (m/w/d) ab 16,00 € pro Stunde"
Gabelstaplerfahrer/in,"Staplerfahrer (m/w/d) 15,69 €/Std."
Telefonist/in,"Telefonist (m/w/d) 15,29 €/ Std."
Technische/r Redakteur/in,Technischer Redakteur (m/w/d) S1000D
Konstrukteur/in,Konstrukteur (m/w/d) Schiffsausrüstung
Ingenieur/in - Elektrotechnik,Entwicklungsingenieur (m/w/d) Elektrotechnik
Koch/Köchin,Koch/Köchin (m/w/d) - Gemeinschaftsverpflegung
Verkäufer/in,Verkäuferin (m/w/d) in Teilzeit!
Abfallberater/in,Reinigungskraft (m/w/d) auf Minijob-Basis!
Backend-Entwickler/in,Backend Developer (f/m/d)
Frontend-Entwickler/in,Senior Frontend Developer (f/m/d)
Vertriebsberater/in,Vertriebsberater im Außendienst (m/w/d) - Schwerpunkt DATEV & Kanzleiumfeld
Fachkraft - Qualitätssicherung/-management,Sachbearbeiter (m/w/d) Qualitäts- und Prozessmanagement
Ingenieur/in - Bau,Bauleitung Erneuerbare Energien (m/w/d)
Telefonist/in,Reservierungsmitarbeiter (m/w/d) - Berlin/Remote
Elektroniker/in - Betriebstechnik,Elektriker / Elektroniker /  Elektroinstallateur  (m/w/d)
Natur- und Landschaftspfleger/in,Projektmitarbeiter/in  (m/w/d) für faunistische Kartierungen (v.a. Fledermäuse) und artenschutzrecht
Helfer/in - Ausbau,Rückbauer (m/w/d) in der Wasserschadensanierung
Qualitätskontrolleur/in,Kontrolleur in der Baugruppenmontage (m/w/d)
Rechtsanwaltsfachangestellte/r,Wir suchen Verstärkung für unser Kanzleiteam
Bürokaufmann/-frau,Bereichs- und Projektmanagementassistenz (m/w/d)
Wirtschaftsingenieur/in,Projektcontroller (m/w/d)
Konstruktionsmechaniker/in - Schweißtechnik,Erster Werker Konstruktionsmechaniker (m/w/d)
Ingenieur/in - Maschinenbau,Arbeitsvorbereiter (m/w/d)
Elektroniker/in - Geräte und Systeme,Elektroniker (m/w/d)
Schiffbauer/in,Transportwerker (m/w/d)
Maschinenbaumechaniker/in,Inbetriebnehmer Anlagen (m/w/d)
Elektromechaniker/in,Elektromechaniker (m/w/d)
Schweißer/in,Konstruktionsmechaniker - Schweißtechnik (m/w/d)
Karosserie- und Fahrzeugbauer/in - Karosseriebau,Montagemitarbeiter - Serienfertigung (m/w/d)
Schweißer/in,Schweißer (m/w/d)
Zerspanungsmechaniker/in - Frästechnik,Zerspanungsmechaniker - Frästechnik (m/w/d)
Techniker/in - Kraftfahrzeugtechnik/Bachelor Professional in Technik,Arbeitsvorbereiter - Instandsetzung(m/w/d)
Elektroniker/in - Geräte und Systeme,Elektroniker (m/w/d)
Kraftfahrzeugmechatroniker/in - Nutzfahrzeugtechnik,Fahrzeugelektriker (m/w/d)
Landmaschinenmechaniker/in,Landmaschinenmechaniker (m/w/d)
Landmaschinenmechaniker/in,Kfz-Mechaniker (m/w/d)
Landmaschinenmechaniker/in,Schlosser /Mechaniker - Antriebstechnik (m/w/d)
Elektroniker/in - Energie- und Gebäudetechnik,Elektroniker für Betriebstechnik (m/w/d)
Industriemechaniker/in - Maschinen- und Systemtechnik,Haustechniker Betriebsinstandsetzung (m/w/d)
Maschinenbaumechaniker/in - Allgemeiner Maschinenbau,Integrationstechniker (m/w/d)
Elektroniker/in - Geräte und Systeme,Elektroniker (m/w/d)
Elektromechaniker/in,Elektroniker / Industrieelektroniker (m/w/d)
Konfigurationsmanager/in,Konfigurationsmanager (m/w/d)
Elektroniker/in - Geräte und Systeme,Elektroniker (m/w/d)
Industriemechaniker/in - Maschinen- und Systemtechnik,Industriemechaniker (m/w/d)
Konstruktionsmechaniker/in,Maschinenbediener - Schweißroboter (m/w/d)
"Montagemechaniker/in, Anlagenmonteur/in","Montagemitarbeiter (m/w/d), ab 17,65€ Stundenlohn"
"Montagemechaniker/in, Anlagenmonteur/in","Produktionsmitarbeiter (gn), 17,23€ pro Stunde, erneuerbare Energien"
Kaufmännische Fachkraft,Stellvertretender Leiter im Customer Care Center (m/w/d)
Anlagenmechaniker/in,Schlosser (m/w/d) für den Maschinen- und Anlagenpark
Sachbearbeiter/in - Logistik,Sachbearbeiter (m/w/d) im Bereich Groß- und Außenhandel
Personalsachbearbeiter/in,Personalsachbearbeiter (m/w/d)
Helfer/in - Metallbearbeitung,Mitarbeiter Metallbearbeitung (m/w/d) mit Branchenzuschlägen
Vertriebsassistent/in,Vertriebsassistent (m/w/d)
Speditionskaufmann/-frau,Speditionskaufmann (m/w/d) für Versand & Logistik
Steuerfachangestellte/r,Mitarbeiter Buchhaltung (m/w/d) Vollzeit
Mechatroniker/in,Mitarbeiter (m/w/d) im Bereich Instandhaltung - Mechatroniker
Kaufmann/-frau - Büromanagement,Kaufmann - Büromanagement (m/w/d)
Mechaniker/in - Karosserieinstandhaltungstechnik,Mechatroniker (m/w/d)
Helfer/in - Ver- und Entsorgung,Frühaufsteher als Müllwerker (m/w/d/x)
Servicetechniker/in - Sicherheits-/Alarmanlagen,DICH als Servicetechniker (m/w/d)
Berufskraftfahrer/in,Berufskraftfahrer (m/w/d) in Vollzeit – Direktvermittlung
Konstruktionsmechaniker/in - Feinblechbautechnik,"Konstruktionsmechaniker - Feinblechbautechnik (m/w/d) in Vollzeit ab 16,20€ pro Stunde"
Gabelstaplerfahrer/in,Staplerfahrer (m/w/d) ab 16€/Std
Gabelstaplerfahrer/in,Staplerfahrer (m/w/d) ab 16€/St
Schweißer/in,Schweißer (m/w/d) Glinde in Vollzeit ab 16€ / Std
Helfer/in - Reinigung,"Mitarbeiter Textilreinigung (m/w/d) Vollzeit ab 14,96 pro Stunde"
Helfer/in - Lebensmittelherstellung,"Mitarbeiter Teebereich (m/w/d) Vollzeit ab 14,96€ pro Stunde"
Helfer/in - Metallbau,Mitarbeiter Metallbereich (m/w/d) Vollzeit ab 16€ Stunde
Helfer/in - Chemie- und Pharmatechnik,"Mitarbeiter Chemie- und Pharmatechnik (m/w/d) 16,29 Euro"
"Maschinen- und Anlagenführer/in - Metall-, Kunststofftechnik","Maschinen- und Anlagenführer - Arbeitsvorbereitung (m/w/d) ab 15,69€ Stundenlohn."
Berufskraftfahrer/in,"LKW Fahrer im Werksverkehr (m/w/d) Vollzeit ab 17,65€ Stundenlohn"
Reifenmonteur/in,"Lagermitarbeiter im Wareneingang (m/w/d) ab 14,96€ Stundenlohn"
Konstruktionsmechaniker/in - Feinblechbautechnik,"Konstruktionsmechaniker - Feinblechbautechnik (m/w/d) ab 16,69€ pro Stunde"
Lager- und Transportarbeiter/in,"Lagermitarbeiter  (m/w/d) ab 14,96€ Stundenlohn"
Helfer/in - Metallbau,"Helfer - Metallbau (m/w/d) ab 15,29€ pro Stunde "
